{
  "urls": [
    "/audio/1.ogg",
    "/audio/1.m4a",
    "/audio/1.mp3",
    "/audio/1.ac3"
  ],
  "sprite": {
    "next": [
      0,
      1212.6984126984125
    ],
    "off": [
      3000,
      242.38095238095258
    ],
    "on": [
      5000,
      191.54195011337904
    ],
    "win": [
      7000,
      1526.4852607709756
    ]
  }
}