{
  "urls": [
    "audio/1.ogg",
    "audio/1.m4a",
    "audio/1.mp3",
    "audio/1.ac3"
  ],
  "sprite": {
    "next": [
      0,
      1212.6984126984125
    ],
    "off": [
      3000,
      85.60090702947853
    ],
    "on": [
      5000,
      68.29931972789095
    ],
    "win": [
      7000,
      1526.4852607709756
    ]
  }
}
